Model,test_acc,precision,recall,f1,train_time,best_epoch,total_params,val_acc,Modality
BiLSTM,0.904,0.9043429381662245,0.904,0.9041169207200455,34.301289796829224,16.0,1973126.0,,Text
CNN-1D,0.9085,0.9094061583994751,0.9085,0.9085701325733718,26.278706312179565,16.0,1527046.0,,Text
SVM,0.8955,0.894112484584905,0.8955,0.8941690304736806,77.66023278236389,,,0.903,Text
XGBoost,0.855,0.8653308894832702,0.855,0.8560946223420932,7.731710433959961,,,0.8625,Text
RandomForest,0.496,0.7581093016070269,0.496,0.43419575928584475,0.27858924865722656,,,0.5105,Text
NaiveBayes,0.818,0.8441680524685724,0.818,0.7948018508988531,0.004945993423461914,,,0.8135,Text
KNN,0.745,0.7474136393462247,0.745,0.7422991513563366,0.0016624927520751953,,,0.736,Text
Deep CNN,0.6677347450543327,0.6624377649217139,0.6677347450543327,0.6572936797773008,585.4390163421631,96.0,4853959.0,,Facial
MLP,0.41376427974366115,0.37073067698771595,0.4137642797436612,0.3633900456322052,449.9378504753113,61.0,3053831.0,,Facial
SVM,0.3520479242128727,0.33900753517058885,0.3520479242128727,0.29468587768805127,193.1318655014038,,,,Facial
XGBoost,0.3945388687656729,0.3658552541345039,0.3945388687656729,0.3614892395214839,203.79544401168823,,,,Facial
RandomForest,0.34146001671774867,0.3183813123901044,0.34146001671774867,0.30124033336542544,13.038514614105225,,,,Facial
KNN,0.21524101421008637,0.20930760571974366,0.21524101421008637,0.19975702720709218,0.004227638244628906,,,,Facial
NaiveBayes,0.20353859013652828,0.25148763984503214,0.20353859013652828,0.1807574232537533,0.25446176528930664,,,,Facial
